CREATE DATABASE  IF NOT EXISTS `potato_gaming` /*!40100 DEFAULT CHARACTER SET utf8mb4 COLLATE utf8mb4_0900_ai_ci */ /*!80016 DEFAULT ENCRYPTION='N' */;
USE `potato_gaming`;
-- MySQL dump 10.13  Distrib 8.0.41, for Win64 (x86_64)
--
-- Host: 127.0.0.1    Database: potato_gaming
-- ------------------------------------------------------
-- Server version	8.0.41

/*!40101 SET @OLD_CHARACTER_SET_CLIENT=@@CHARACTER_SET_CLIENT */;
/*!40101 SET @OLD_CHARACTER_SET_RESULTS=@@CHARACTER_SET_RESULTS */;
/*!40101 SET @OLD_COLLATION_CONNECTION=@@COLLATION_CONNECTION */;
/*!50503 SET NAMES utf8 */;
/*!40103 SET @OLD_TIME_ZONE=@@TIME_ZONE */;
/*!40103 SET TIME_ZONE='+00:00' */;
/*!40014 SET @OLD_UNIQUE_CHECKS=@@UNIQUE_CHECKS, UNIQUE_CHECKS=0 */;
/*!40014 SET @OLD_FOREIGN_KEY_CHECKS=@@FOREIGN_KEY_CHECKS, FOREIGN_KEY_CHECKS=0 */;
/*!40101 SET @OLD_SQL_MODE=@@SQL_MODE, SQL_MODE='NO_AUTO_VALUE_ON_ZERO' */;
/*!40111 SET @OLD_SQL_NOTES=@@SQL_NOTES, SQL_NOTES=0 */;

--
-- Table structure for table `game`
--

DROP TABLE IF EXISTS `game`;
/*!40101 SET @saved_cs_client     = @@character_set_client */;
/*!50503 SET character_set_client = utf8mb4 */;
CREATE TABLE `game` (
  `id` bigint NOT NULL,
  `cover_image_url` text,
  `description` text,
  `direct_download_url` varchar(255) DEFAULT NULL,
  `external_download_url` varchar(255) DEFAULT NULL,
  `file_size` bigint DEFAULT NULL,
  `publisher` varchar(255) DEFAULT NULL,
  `system_requirements` text,
  `title` varchar(255) DEFAULT NULL,
  `trailer_video_url` varchar(255) DEFAULT NULL,
  `genre_id` bigint DEFAULT NULL,
  `features` text,
  `release_date` date DEFAULT NULL,
  PRIMARY KEY (`id`),
  KEY `FK7apnaiiiguf11ti5ivin5grd9` (`genre_id`),
  CONSTRAINT `FK7apnaiiiguf11ti5ivin5grd9` FOREIGN KEY (`genre_id`) REFERENCES `genre` (`id`)
) ENGINE=InnoDB DEFAULT CHARSET=utf8mb4 COLLATE=utf8mb4_0900_ai_ci;
/*!40101 SET character_set_client = @saved_cs_client */;

--
-- Dumping data for table `game`
--

LOCK TABLES `game` WRITE;
/*!40000 ALTER TABLE `game` DISABLE KEYS */;
INSERT INTO `game` VALUES (253,'https://wallpapers.com/images/featured-small/minecraft-landscape-pictures-8h44acokruk5k6fh.webp','A sandbox game where you can build anything you imagine, explore vast worlds, and survive against creatures. Unleash your creativity!','https://www.minecraft.net/en-us/download','https://www.minecraft.net/en-us/download',600,'Mojang Studios','OS: Windows 7 or later\nCPU: Intel Core i3-3210 / AMD A8-7600 APU\nRAM: 4 GB\nGPU: Intel HD Graphics 4000 / AMD Radeon R5 series\nStorage: 1 GB available space','Minecraft','https://www.youtube.com/watch?v=MmB9b5njVbA',6,'- Infinite procedurally generated worlds\n- Creative and Survival modes\n- Multiplayer support\n- Modding capabilities','2011-11-18'),(302,'https://wallpapercave.com/wp/wp10604705.jpg','A tactical first-person shooter where you play as an elite operative, undertaking covert missions to thwart global threats with stealth and precision.','https://oceanofgames.com/igi-2-pc-game-free-download-working-setup-2639464/','https://oceanofgames.com/igi-2-pc-game-free-download-working-setup-2639464/',1300,'Codemasters','OS: Windows XP or later\nCPU: Pentium 4 1.4 GHz\nRAM: 512 MB\nGPU: 64 MB DirectX 9.0c compatible\nStorage: 1.9 GB available space','IGI 2: Covert Strike','https://www.youtube.com/watch?v=qc9wuQtR5Ww',8,'- Stealth-based gameplay\n- Variety of weapons and gadgets\n- Challenging single-player missions\n- Multiplayer mode','2003-02-21'),(303,'https://images6.alphacoders.com/423/thumb-1920-423181.jpg','An action-adventure reboot following Lara Croft\'s origin story as she survives and explores a dangerous island filled with mystery and enemies.','https://oceanofgames.com/tomb-raider-survival-edition-2013-free-download-ofgv-1667987/','https://oceanofgames.com/tomb-raider-survival-edition-2013-free-download-ofgv-1667987/',12000,'Square Enix','OS: Windows XP SP3 or later\nCPU: Intel Core 2 Duo 1.86 GHz\nRAM: 2 GB\nGPU: DirectX 9.0c compatible, 512 MB VRAM\nStorage: 12 GB available space','Tomb Raider (2013)','https://www.youtube.com/watch?v=M4SG6DfVvLs',9,'- Intense survival mechanics\n- Open-world exploration\n- Cinematic storytelling\n- Multiplayer mode','2013-03-05'),(304,'https://images.alphacoders.com/431/thumb-1920-43193.jpg','A groundbreaking first-person shooter where Gordon Freeman battles alien forces and a dystopian regime in a physics-driven world.','https://oceanofgames.com/half-life-2-free-download-7732805/','https://oceanofgames.com/half-life-2-free-download-7732805/',3500,'Valve Corporation','OS: Windows XP or later\nCPU: 1.7 GHz Processor\nRAM: 512 MB\nGPU: DirectX 8.1 compatible\nStorage: 6.5 GB available space','Half-Life 2','https://www.youtube.com/watch?v=_vS3idZI6TM',10,'- Immersive story-driven campaign\n- Advanced physics-based gameplay\n- Memorable characters and enemies\n- Modding support','2004-11-16'),(305,'https://wallpapercave.com/wp/wp3706065.jpg','An open-world first-person shooter where you fight to survive on a tropical island ruled by pirates and a psychotic warlord.','https://oceanofgames.com/far-cry-3-download-free-ofgv-1365995/','https://oceanofgames.com/far-cry-3-download-free-ofgv-1365995/',9600,'Ubisoft','OS: Windows XP or later\nCPU: Intel Core 2 Duo E6700\nRAM: 4 GB\nGPU: 512 MB DirectX 9.0c compatible\nStorage: 15 GB available space','Far Cry 3','https://www.youtube.com/watch?v=J6gnOVJsCsM',10,'- Expansive open world\n- Dynamic combat and stealth\n- Engaging story and characters\n- Multiplayer and co-op modes','2012-11-29'),(306,'https://wallpapercave.com/wp/wp3159998.jpg','A survival horror game where you battle infected enemies in a tense co-op campaign set in a sun-scorched African landscape.','https://oceanofgames.com/resident-evil-5-download-free/','https://oceanofgames.com/resident-evil-5-download-free/',8000,'Capcom','OS: Windows XP or later\nCPU: Intel Core 2 Quad\nRAM: 2 GB\nGPU: NVIDIA GeForce 9800 series\nStorage: 8 GB available space','Resident Evil 5','https://www.youtube.com/watch?v=kJmwCygg0r0',11,'- Co-op gameplay\n- Intense survival horror\n- Variety of weapons and upgrades\n- Mercenaries mode','2009-03-05'),(307,'https://media.oceanofgames.com/2014/09/Mirror-Edge-Free-Download.jpg','A first-person action-adventure game where you parkour through a dystopian city as Faith, a runner delivering sensitive information.','https://oceanofgames.com/mirrors-edge-game-free-download-ofgv-4252359/','https://oceanofgames.com/mirrors-edge-game-free-download-ofgv-4252359/',6000,'Electronic Arts','OS: Windows XP or later\nCPU: Intel Core 2 Duo 2.0 GHz\nRAM: 2 GB\nGPU: 256 MB DirectX 9.0c compatible\nStorage: 8 GB available space','Mirror\'s Edge','https://www.youtube.com/watch?v=2N1TJP1cxmo',9,'- Unique parkour mechanics\n- Stunning minimalist visuals\n- Fast-paced first-person action\n- Time trial mode','2008-11-11'),(308,'https://wallpapercave.com/wp/wp12562944.jpg','A puzzle-platformer where you use a portal gun to solve challenging spatial puzzles in a mysterious test facility.','https://oceanofgames.com/portal-1-free-download/','https://oceanofgames.com/portal-1-free-download/',3000,'Valve Corporation','OS: Windows XP or later\nCPU: 1.7 GHz Processor\nRAM: 512 MB\nGPU: DirectX 8.1 compatible\nStorage: 5 GB available space','Portal','https://www.youtube.com/watch?v=zQhCTRHYBZQ',12,'- Innovative portal mechanics\n- Clever puzzle design\n- Engaging narrative\n- Single-player campaign','2007-10-10'),(309,'https://wallpapercave.com/wp/wp3542624.jpg','A third-person shooter where you lead a resistance against a Soviet invasion in an alternate-history New York City.','https://oceanofgames.com/freedom-fighters-free-download-9398868/','https://oceanofgames.com/freedom-fighters-free-download-9398868/',650,'Electronic Arts','OS: Windows 98 or later\nCPU: Pentium III 733 MHz\nRAM: 128 MB\nGPU: 32 MB DirectX 8.1 compatible\nStorage: 650 MB available space','Freedom Fighters','https://www.youtube.com/watch?v=pDkqQjyI6FY',13,'- Squad-based combat\n- Urban guerrilla warfare\n- Charisma-based recruitment\n- Single-player campaign','2003-09-26'),(310,'https://wallpapercave.com/wp/wp2375495.jpg','An open-world action-adventure game following CJ as he navigates gang life, crime, and personal struggles in 1990s San Andreas.','https://oceanofgames.com/gta-san-andreas-download-free-9325369/','https://oceanofgames.com/gta-san-andreas-download-free-9325369/',4000,'Rockstar Games','OS: Windows 2000 or later\nCPU: Pentium III 1 GHz\nRAM: 256 MB\nGPU: 64 MB DirectX 8.1 compatible\nStorage: 3.6 GB available space','Grand Theft Auto: San Andreas','https://www.youtube.com/watch?v=u_CbHrBbHNQ',9,'- Vast open world\n- Deep story and characters\n- Vehicle customization\n- Multiplayer mods','2004-10-26'),(311,'https://media.oceanofgames.com/2014/10/Midtown-Madness-2-Free-Download.jpg','A racing game featuring open-world city environments with diverse vehicles and challenging races in San Francisco and London.','https://oceanofgames.com/midtown-madness-2-free-download-8738771/','https://oceanofgames.com/midtown-madness-2-free-download-8738771/',400,'Microsoft','OS: Windows 98 or later\nCPU: Pentium II 300 MHz\nRAM: 64 MB\nGPU: 8 MB DirectX 7.0 compatible\nStorage: 410 MB available space','Midtown Madness 2','https://www.youtube.com/watch?v=P0jDDw8j_b8',14,'- Open-world racing\n- Variety of vehicles\n- Realistic city environments\n- Multiple game modes','2000-09-22'),(312,'https://i.redd.it/o1pcd8dpq48d1.jpeg','An action-adventure game where you play as Altaïr, a skilled assassin, navigating historical settings to uncover a secret conspiracy.','https://oceanofgames.com/assassins-creed-1-free-download-ofgv-1643333/','https://oceanofgames.com/assassins-creed-1-free-download-ofgv-1643333/',7000,'Ubisoft','OS: Windows XP or later\nCPU: Intel Core 2 Duo 2.2 GHz\nRAM: 2 GB\nGPU: 256 MB DirectX 9.0c compatible\nStorage: 8 GB available space','Assassin\'s Creed','https://www.youtube.com/watch?v=RjQ6ZtyXoA0',9,'- Open-world stealth gameplay\n- Historical settings\n- Parkour mechanics\n- Story-driven missions','2007-11-13'),(313,'https://gogunlocked.com/wp-content/uploads/2021/03/Deus-Ex-Mankind-Divided-Free-Download-639x361.jpg','A cyberpunk-themed action RPG where you play as Adam Jensen, a cybernetically augmented agent, navigating a dystopian world to uncover conspiracies.','https://gogunlocked.com/deus-ex-mankind-divided-free-download/','https://gogunlocked.com/deus-ex-mankind-divided-free-download/',45000,'Square Enix','OS: Windows 7 SP1 or later\nCPU: Intel Core i3-2100 or AMD equivalent\nRAM: 8 GB\nGPU: AMD Radeon HD 7870 (2GB) or NVIDIA GeForce GTX 660\nStorage: 45 GB available space','Deus Ex: Mankind Divided','https://www.youtube.com/watch?v=CfV01sTqB68',15,'- Choice-driven gameplay\n- Cyberpunk setting\n- Stealth and combat mechanics\n- Deep narrative','2016-08-23'),(314,'https://gogunlocked.com/wp-content/uploads/2021/02/The-Elder-Scrolls-IV-Oblivion-Game-of-the-Year-Edition-Deluxe-Free-Download-639x361.jpg','An open-world RPG where you explore the province of Cyrodiil, completing quests and shaping your character\'s destiny in a rich fantasy world.','https://gogunlocked.com/3-the-elder-scrolls-iv-oblivion-game-of-the-year-edition-deluxe-free-download/','https://gogunlocked.com/3-the-elder-scrolls-iv-oblivion-game-of-the-year-edition-deluxe-free-download/',6000,'Bethesda Softworks','OS: Windows XP or later\nCPU: Intel Pentium 4 2.0 GHz\nRAM: 1 GB\nGPU: 128 MB DirectX 9.0c compatible\nStorage: 6 GB available space','The Elder Scrolls IV: Oblivion','https://www.youtube.com/watch?v=mWLZ07U85h0',16,'- Expansive open world\n- Deep character customization\n- Engaging quests\n- Dynamic NPC interactions','2006-03-20'),(315,'https://media.oceanofgames.com/2014/07/Max-Payne-2.jpg','A noir-style third-person shooter following Max Payne, a detective caught in a web of crime and betrayal, with intense bullet-time combat.','https://oceanofgames.com/max-payne-2-game-free-download-ofgv-7467988/','https://oceanofgames.com/max-payne-2-game-free-download-ofgv-7467988/',3500,'Rockstar Games','OS: Windows XP or later\nCPU: Intel Pentium III 1.0 GHz\nRAM: 256 MB\nGPU: 32 MB DirectX 9.0 compatible\nStorage: 3.5 GB available space','Max Payne 2: The Fall of Max Payne','https://www.youtube.com/watch?v=wkBbLqgcQco',13,'- Bullet-time mechanics\n- Cinematic storytelling\n- Intense gunplay\n- Noir atmosphere','2003-10-14'),(316,'https://media.oceanofgames.com/2019/03/Grand-Theft-Auto-V-With-All-Updates-Free-Download.jpg','An open-world action-adventure game where you control three protagonists in the fictional state of San Andreas, engaging in heists and exploration.','https://oceanofgames.com/grand-theft-auto-v-reloaded-gta-5-setup-free-download-ofgv-6552237/','https://oceanofgames.com/grand-theft-auto-v-reloaded-gta-5-setup-free-download-ofgv-6552237/',70000,'Rockstar Games','OS: Windows 7 SP1 or later\nCPU: Intel Core i5-3470 3.2 GHz\nRAM: 8 GB\nGPU: NVIDIA GTX 660 2GB or AMD HD7870 2GB\nStorage: 72 GB available space','Grand Theft Auto V','https://www.youtube.com/watch?v=hvoD7ehZPcM',9,'- Massive open world\n- Multi-character storyline\n- Online multiplayer\n- Heist missions','2015-04-14'),(317,'https://gogunlocked.com/wp-content/uploads/2021/03/BioShock%E2%84%A2-Remastered-Free-Download-639x361.jpg','A first-person shooter set in the underwater city of Rapture, blending intense combat with a gripping narrative and unique plasmid powers.','https://gogunlocked.com/3-bioshock-remastered-free-download/','https://gogunlocked.com/3-bioshock-remastered-free-download/',22000,'2K Games','OS: Windows 7 SP1 or later\nCPU: Intel Core 2 Duo 2.4 GHz\nRAM: 4 GB\nGPU: NVIDIA GeForce 8800 GT or AMD Radeon HD 3800\nStorage: 25 GB available space','BioShock Remastered','https://www.youtube.com/watch?v=tzWTcDydlpM',10,'- Immersive storytelling\n- Plasmid-based abilities\n- Retro-futuristic setting\n- Enhanced graphics (Remastered)','2016-09-15'),(318,'https://gogunlocked.com/wp-content/uploads/2021/02/Tom-Clancys-Splinter-Cell%C2%AE-Free-Download-639x361.jpg','A stealth-action game where you play as Sam Fisher, a covert operative, using stealth and gadgets to complete high-stakes missions.','https://gogunlocked.com/5-tom-clancys-splinter-cell-free-download/','https://gogunlocked.com/5-tom-clancys-splinter-cell-free-download/',3000,'Ubisoft','OS: Windows XP or later\nCPU: Intel Pentium III 1.0 GHz\nRAM: 256 MB\nGPU: 64 MB DirectX 8.1 compatible\nStorage: 3 GB available space','Tom Clancy\'s Splinter Cell','https://www.youtube.com/watch?v=RlgnGM0b_sU',17,'- Stealth-based gameplay\n- Tactical espionage\n- Advanced gadgets\n- Cinematic missions','2003-02-19'),(319,'https://gogunlocked.com/wp-content/uploads/2021/02/Hitman-Codename-47-Free-Download-639x361.jpg','A stealth-action game where you play as Agent 47, a genetically engineered assassin, completing contracts with precision and stealth.','https://gogunlocked.com/hitman-codename-47-free-download/','https://gogunlocked.com/hitman-codename-47-free-download/',1000,'Eidos Interactive','OS: Windows 95 or later\nCPU: Intel Pentium II 300 MHz\nRAM: 64 MB\nGPU: 12 MB DirectX 7 compatible\nStorage: 400 MB available space','Hitman: Codename 47','https://www.youtube.com/watch?v=tLuf3hy6GaA',17,'- Stealth-based missions\n- Open-ended gameplay\n- Disguise mechanics\n- Tactical planning','2000-11-19'),(320,'https://gogunlocked.com/wp-content/uploads/2021/02/Far-Cry%C2%AE-Free-Download-639x361.jpg','A first-person shooter where you play as Jack Carver, a former special forces operative, battling mercenaries on a tropical island.','https://gogunlocked.com/2-far-cry-free-download/','https://gogunlocked.com/2-far-cry-free-download/',4000,'Ubisoft','OS: Windows XP or later\nCPU: Intel Pentium 4 2.0 GHz\nRAM: 512 MB\nGPU: 64 MB DirectX 9.0c compatible\nStorage: 4 GB available space','Far Cry','https://www.youtube.com/watch?v=axHGJjh1_oU',10,'- Open-world exploration\n- Tactical combat\n- Lush environments\n- Vehicle-based gameplay','2004-03-23'),(321,'https://media.oceanofgames.com/2020/08/Call-Of-Duty-Modern-Warfare-2-Campaign-Remastered-Free-Download-1-OceanofGames.com_.jpg','A remastered first-person shooter with intense military action, following Task Force 141 in a gripping single-player campaign.','https://oceanofgames.com/call-of-duty-modern-warfare-2-campaign-remastered-free-download/','https://oceanofgames.com/call-of-duty-modern-warfare-2-campaign-remastered-free-download/',50000,'Activision','OS: Windows 7 SP1 or later\nCPU: Intel Core i3-4340 or AMD FX-6300\nRAM: 8 GB\nGPU: NVIDIA GeForce GTX 670 or AMD Radeon HD 7950\nStorage: 55 GB available space','Call of Duty: Modern Warfare 2 Campaign Remastered','https://www.youtube.com/watch?v=zu3wZ-_IKrM',10,'- Remastered visuals\n- Fast-paced combat\n- Cinematic storytelling\n- Iconic missions','2020-03-31'),(322,'https://media.oceanofgames.com/2015/06/Battlefield-1942-Game-Free-Download.jpg','A classic first-person shooter set during World War II, featuring large-scale battles with vehicles and infantry across iconic battlefields.','https://oceanofgames.com/battlefield-1942-pc-game-free-download-ofgv-9447058/','https://oceanofgames.com/battlefield-1942-pc-game-free-download-ofgv-9447058/',1300,'Electronic Arts','OS: Windows XP or later\nCPU: Intel Pentium III 500 MHz\nRAM: 128 MB\nGPU: 32 MB DirectX 8.1 compatible\nStorage: 1.2 GB available space','Battlefield 1942','https://www.youtube.com/watch?v=C81n-UMGgoM',10,'- Large-scale multiplayer\n- Vehicle combat\n- Historical settings\n- Team-based gameplay','2002-09-10'),(323,'https://wallpapercave.com/wp/wp3128347.jpg','A high-octane racing game where you race across the United States in a thrilling, story-driven competition against rival drivers.','https://oceanofgames.com/need-for-speed-the-run-free-download-ofgv-8113301/','https://oceanofgames.com/need-for-speed-the-run-free-download-ofgv-8113301/',15000,'Electronic Arts','OS: Windows Vista SP2 or later\nCPU: Intel Core 2 Duo 2.4 GHz\nRAM: 3 GB\nGPU: NVIDIA GeForce 8800 GT or AMD Radeon HD 3870\nStorage: 18 GB available space','Need for Speed: The Run','https://www.youtube.com/watch?v=G1sPsu1KMjA',14,'- Cross-country racing\n- Cinematic story\n- Diverse environments\n- High-speed chases','2011-11-15'),(324,'https://media.oceanofgames.com/2014/09/Burnout-Paradise-The-Ultimate-Box-free-download.jpg','An open-world racing game set in Paradise City, offering high-speed races, stunts, and crashes in a vibrant urban environment.','https://oceanofgames.com/burnout-paradise-the-ultimate-box-free-download-2213950/','https://oceanofgames.com/burnout-paradise-the-ultimate-box-free-download-2213950/',4000,'Electronic Arts','OS: Windows XP SP3 or later\nCPU: Intel Pentium 4 2.8 GHz\nRAM: 1.5 GB\nGPU: NVIDIA GeForce 6600 or ATI Radeon X1300\nStorage: 4 GB available space','Burnout Paradise: The Ultimate Box','https://www.youtube.com/watch?v=R-kF-PTcLlA',14,'- Open-world racing\n- High-speed stunts\n- Multiplayer modes\n- Crash mechanics','2009-02-03'),(325,'https://media.oceanofgames.com/2015/06/Warcraft-III-The-Frozen-Throne-Free-Download.jpeg','A real-time strategy game set in the fantasy world of Azeroth, where you command armies and heroes in epic battles and campaigns.','https://oceanofgames.com/warcraft-iii-the-frozen-throne-free-download-ofgv-1466953/','https://oceanofgames.com/warcraft-iii-the-frozen-throne-free-download-ofgv-1466953/',1500,'Blizzard Entertainment','OS: Windows XP or later\nCPU: Intel Pentium III 400 MHz\nRAM: 128 MB\nGPU: 8 MB DirectX 8.1 compatible\nStorage: 1.5 GB available space','Warcraft III: Reign of Chaos','https://www.youtube.com/watch?v=iOdTeT1xUQQ',18,'- Real-time strategy gameplay\n- Iconic hero units\n- Multiplayer battles\n- Rich storytelling','2002-07-03'),(326,'https://media.oceanofgames.com/2019/12/Age-of-Empires-II-Definitive-Edition-Build-34055-HOODLUM-Free-Download-1-OceanofGames.com_.jpg','A remastered real-time strategy game where you build civilizations, manage resources, and lead armies in historical campaigns.','https://oceanofgames.com/age-of-empires-ii-definitive-edition-build-34055-hoodlum-free-download/','https://oceanofgames.com/age-of-empires-ii-definitive-edition-build-34055-hoodlum-free-download/',30000,'Microsoft','OS: Windows 10\nCPU: Intel Core 2 Duo 2.2 GHz\nRAM: 4 GB\nGPU: NVIDIA GeForce GT 430 or AMD Radeon HD 5570\nStorage: 30 GB available space','Age of Empires II: Definitive Edition','https://www.youtube.com/watch?v=NPwtX79Kp1Y',18,'- Remastered visuals\n- Historical campaigns\n- Multiplayer support\n- Enhanced AI','2019-11-14'),(327,'https://media.oceanofgames.com/2014/10/Fallout-3-Free-Download-729x1024.jpg','An open-world action RPG set in a post-apocalyptic wasteland, where you explore, fight, and make choices that shape your story.','https://oceanofgames.com/fallout-3-game-free-download-ofgv-7136518/','https://oceanofgames.com/fallout-3-game-free-download-ofgv-7136518/',7000,'Bethesda Softworks','OS: Windows XP or later\nCPU: Intel Pentium 4 2.4 GHz\nRAM: 1 GB\nGPU: NVIDIA GeForce 6800 or ATI Radeon X850\nStorage: 7 GB available space','Fallout 3','https://www.youtube.com/watch?v=zPt08UYmyMo',15,'- Open-world exploration\n- Choice-driven narrative\n- V.A.T.S. combat system\n- Post-apocalyptic setting','2008-10-28'),(328,'https://media.oceanofgames.com/2018/05/Resident-evil-revelations-Download-Free-768x432.jpg','A survival horror game where you play as Leon S. Kennedy, battling monstrous creatures in a remote village to rescue the President\'s daughter.','https://oceanofgames.com/resident-evil-revelations-download-free/','https://oceanofgames.com/resident-evil-revelations-download-free/',15000,'Capcom','OS: Windows XP or later\nCPU: Intel Core 2 Duo 2.4 GHz\nRAM: 2 GB\nGPU: NVIDIA GeForce 8800 GTS or better\nStorage: 15 GB available space','Resident Evil 4','https://www.youtube.com/watch?v=E69tKrfEQag',11,'- Third-person shooter combat\n- Survival horror atmosphere\n- Inventory management\n- Intense boss battles','2005-01-11'),(329,'https://media.oceanofgames.com/2014/08/Mass-Effect-Free-Download.jpg','A sci-fi action RPG where you play as Commander Shepard, making choices that shape the galaxy\'s fate in an epic space opera.','https://oceanofgames.com/mass-effect-1-free-download-ofgv-1038709/','https://oceanofgames.com/mass-effect-1-free-download-ofgv-1038709/',12000,'Electronic Arts','OS: Windows XP or later\nCPU: Intel Pentium 4 2.4 GHz\nRAM: 1 GB\nGPU: NVIDIA GeForce 6800 or ATI Radeon X1600\nStorage: 12 GB available space','Mass Effect','https://www.youtube.com/watch?v=-_6ZMr2bMco',15,'- Choice-driven narrative\n- Sci-fi universe\n- Squad-based combat\n- Deep character customization','2007-11-20'),(330,'https://media.oceanofgames.com/2016/01/The-Witcher-Adventure-Game-Free-Download.jpg','An action RPG where you play as Geralt of Rivia, a monster hunter, navigating a morally complex world with deep storytelling and choice-driven gameplay.','https://oceanofgames.com/the-witcher-adventure-game-free-download-ofgv-3217082/','https://oceanofgames.com/the-witcher-adventure-game-free-download-ofgv-3217082/',10000,'CD Projekt','OS: Windows XP SP2 or later\nCPU: Intel Pentium 4 2.4 GHz\nRAM: 1 GB\nGPU: NVIDIA GeForce 6800 or ATI Radeon X800\nStorage: 10 GB available space','The Witcher','https://www.youtube.com/watch?v=PsVs1tFs4uo',15,'- Rich narrative\n- Choice-based consequences\n- Action-packed combat\n- Fantasy open world','2007-10-26'),(331,'https://media.oceanofgames.com/2018/05/Prototype-2-Download-Free-768x432.jpg','An open-world action game where you play as James Heller, using shape-shifting powers to battle enemies in a virus-ravaged New York City.','https://oceanofgames.com/prototype-2-download-free/','https://oceanofgames.com/prototype-2-download-free/',10000,'Activision','OS: Windows XP SP3 or later\nCPU: Intel Core 2 Duo 2.6 GHz\nRAM: 2 GB\nGPU: NVIDIA GeForce 8800 GT or ATI Radeon HD 4850\nStorage: 10 GB available space','Prototype 2','https://www.youtube.com/watch?v=-X0DfqkXeU8',19,'- Open-world destruction\n- Shape-shifting abilities\n- Fast-paced combat\n- Engaging story','2012-04-24'),(332,'https://media.oceanofgames.com/2014/09/Dead-Space-free-download.jpg','A survival horror game where you play as Isaac Clarke, an engineer fighting grotesque creatures aboard a derelict spaceship.','https://oceanofgames.com/dead-space-1-free-download-ofgv-1481012/','https://oceanofgames.com/dead-space-1-free-download-ofgv-1481012/',7000,'Electronic Arts','OS: Windows XP SP2 or later\nCPU: Intel Pentium 4 2.8 GHz\nRAM: 1 GB\nGPU: NVIDIA GeForce 6800 or ATI Radeon X1600 Pro\nStorage: 7 GB available space','Dead Space','https://www.youtube.com/watch?v=RYaJCmJgb9A',11,'- Atmospheric horror\n- Strategic dismemberment combat\n- Sci-fi setting\n- Intense survival mechanics','2008-10-20'),(333,'https://media.oceanofgames.com/2014/09/World-of-Warcraft-Free-Download.jpg','A massively multiplayer online RPG set in the fantasy world of Azeroth, where players undertake quests, battle enemies, and explore vast continents.','https://oceanofgames.com/world-of-warcraft-free-download-ofgv-1588841/','https://oceanofgames.com/world-of-warcraft-free-download-ofgv-1588841/',30000,'Blizzard Entertainment','OS: Windows XP or later\nCPU: Intel Pentium 4 1.3 GHz\nRAM: 1 GB\nGPU: NVIDIA GeForce FX or ATI Radeon 9500\nStorage: 25 GB available space','World of Warcraft','https://www.youtube.com/watch?v=vlVSJ0AvZe0',20,'- Massive multiplayer world\n- Quest-driven gameplay\n- Faction-based PvP\n- Expansive lore','2004-11-23'),(334,'https://media.oceanofgames.com/2015/02/Diablo-II-Free-Download.jpg','An action RPG where players battle through dark fantasy realms, slaying demons and collecting loot to defeat the forces of evil.','https://oceanofgames.com/diablo-ii-free-download-ofgv-1067610/','https://oceanofgames.com/diablo-ii-free-download-ofgv-1067610/',2000,'Blizzard Entertainment','OS: Windows XP or later\nCPU: Intel Pentium 233 MHz\nRAM: 64 MB\nGPU: DirectX compatible video card\nStorage: 1.9 GB available space','Diablo II','https://www.youtube.com/watch?v=KxnWjyvmpnI',15,'- Hack-and-slash combat\n- Deep loot system\n- Character class variety\n- Multiplayer co-op','2000-06-29'),(335,'https://media.oceanofgames.com/2014/07/Free-Left-4-Dead.jpg','A cooperative first-person shooter where players team up to survive waves of zombies in intense, cinematic campaigns.','https://oceanofgames.com/left-4-dead-free-download-9824436/','https://oceanofgames.com/left-4-dead-free-download-9824436/',4000,'Valve Corporation','OS: Windows XP or later\nCPU: Intel Pentium 4 3.0 GHz\nRAM: 1 GB\nGPU: 128 MB DirectX 9.0c compatible\nStorage: 7.5 GB available space','Left 4 Dead','https://www.youtube.com/watch?v=Z5g3mrK82VA',10,'- Cooperative multiplayer\n- Zombie survival gameplay\n- Dynamic AI Director\n- Fast-paced combat','2008-11-17'),(336,'https://media.oceanofgames.com/2018/03/0000005239.600x338.jpg','A sci-fi first-person shooter where you play as a nanosuit-equipped soldier battling aliens and mercenaries on a tropical island.','https://oceanofgames.com/crysis-1-download-free/','https://oceanofgames.com/crysis-1-download-free/',12000,'Electronic Arts','OS: Windows XP or later\nCPU: Intel Pentium 4 2.8 GHz\nRAM: 1 GB\nGPU: NVIDIA GeForce 6800 GT or ATI Radeon 9800 Pro\nStorage: 12 GB available space','Crysis','https://www.youtube.com/watch?v=xvfVmlVcnJI',10,'- Nanosuit powers\n- Open-ended combat\n- Stunning visuals\n- Dynamic environments','2007-11-13'),(337,'https://media.oceanofgames.com/2014/05/Prince-Of-Persia-Sands-Of-Time.jpg','An action-adventure game where you play as the Prince, using time-manipulating powers to navigate traps and enemies in a mystical palace.','https://oceanofgames.com/prince-of-persia-sands-of-time-free-download-8056893/','https://oceanofgames.com/prince-of-persia-sands-of-time-free-download-8056893/',1500,'Ubisoft','OS: Windows XP or later\nCPU: Intel Pentium III 800 MHz\nRAM: 256 MB\nGPU: 64 MB DirectX 8.1 compatible\nStorage: 1.5 GB available space','Prince of Persia: The Sands of Time','https://www.youtube.com/watch?v=8S5DVt_wo3g',9,'- Time-rewind mechanics\n- Acrobatic combat\n- Puzzle-platforming\n- Cinematic storytelling','2003-11-06'),(338,'https://media.oceanofgames.com/2014/04/Simcity-Free-Download.jpg','A city-building simulation game where players design and manage their own metropolis, balancing economy, infrastructure, and citizen needs.','https://oceanofgames.com/simcity-free-download-ofgv-1138641/','https://oceanofgames.com/simcity-free-download-ofgv-1138641/',2000,'Electronic Arts','OS: Windows XP or later\nCPU: Intel Pentium III 500 MHz\nRAM: 256 MB\nGPU: 32 MB DirectX 7 compatible\nStorage: 1 GB available space','SimCity 4','https://www.youtube.com/watch?v=lxaJXyF4qbg',21,'- City-building gameplay\n- Detailed simulation\n- Region play\n- Customizable infrastructure','2003-01-14'),(339,'https://media.oceanofgames.com/2020/09/RollerCoaster-Tycoon-3-Complete-Edition-Chronos-Free-Download-1-OceanofGames.com_.jpg','A theme park simulation game where players design and manage amusement parks, creating thrilling rides and satisfying guests.','https://oceanofgames.com/rollercoaster-tycoon-3-complete-edition-chronos-free-download/','https://oceanofgames.com/rollercoaster-tycoon-3-complete-edition-chronos-free-download/',1000,'Atari','OS: Windows XP or later\nCPU: Intel Pentium III 600 MHz\nRAM: 128 MB\nGPU: 32 MB DirectX 8 compatible\nStorage: 800 MB available space','RollerCoaster Tycoon 2','https://www.youtube.com/watch?v=2Vi_WuWkrP4',21,'- Theme park management\n- Roller coaster design\n- Guest satisfaction mechanics\n- Scenario-based challenges','2002-10-15'),(340,'https://media.oceanofgames.com/2014/03/Doom-3-free-download-1024x768.jpg','A first-person shooter set on a Mars research facility, where players battle demonic creatures in a horror-infused sci-fi environment.','https://oceanofgames.com/doom-3-game-free-download-ofgv-5575213/','https://oceanofgames.com/doom-3-game-free-download-ofgv-5575213/',2000,'Activision','OS: Windows XP or later\nCPU: Intel Pentium 4 1.5 GHz\nRAM: 384 MB\nGPU: 64 MB DirectX 9.0c compatible\nStorage: 2.2 GB available space','Doom 3','https://www.youtube.com/watch?v=j8NaZZa54cs',10,'- Horror-based FPS\n- Atmospheric environments\n- Intense combat\n- Advanced graphics','2004-08-03'),(341,'https://media.oceanofgames.com/2016/07/Quark-III-Gold-Free-Download.jpg','A fast-paced first-person shooter focused on multiplayer arena combat, featuring intense deathmatches and competitive gameplay.','https://oceanofgames.com/quake-3-gold-free-download/','https://oceanofgames.com/quake-3-gold-free-download/',600,'id Software','OS: Windows XP or later\nCPU: Intel Pentium II 300 MHz\nRAM: 128 MB\nGPU: 16 MB DirectX 8 compatible\nStorage: 600 MB available space','Quake III Arena','https://www.youtube.com/watch?v=NsL32y--h00',10,'- Multiplayer arena combat\n- Fast-paced FPS gameplay\n- Customizable maps\n- Competitive modes','1999-12-02'),(342,'https://media.oceanofgames.com/2015/05/Unreal-Tournament-2004-Free-Download.jpg','A competitive first-person shooter with fast-paced multiplayer modes, featuring team-based battles and diverse arenas.','https://oceanofgames.com/unreal-tournament-2004-free-download-9692724/','https://oceanofgames.com/unreal-tournament-2004-free-download-9692724/',2000,'Atari','OS: Windows XP or later\nCPU: Intel Pentium III 1.0 GHz\nRAM: 128 MB\nGPU: 32 MB DirectX 9 compatible\nStorage: 5.5 GB available space','Unreal Tournament 2004','https://www.youtube.com/watch?v=aVlfobppmdI',10,'- Multiplayer-focused gameplay\n- Vehicle combat\n- Varied game modes\n- Extensive mod support','2004-03-16'),(343,'https://media.oceanofgames.com/2018/04/Sonic-Generations-Download-Free-768x432.jpg','A fast-paced platformer celebrating Sonic the Hedgehog\'s history, blending classic 2D and modern 3D gameplay.','https://oceanofgames.com/sonic-generations-download-free/','https://oceanofgames.com/sonic-generations-download-free/',9000,'Sega','OS: Windows XP or later\nCPU: Intel Pentium Dual-Core T4200 2.0 GHz\nRAM: 2 GB\nGPU: NVIDIA GeForce 8800 or ATI Radeon HD 2900\nStorage: 11 GB available space','Sonic Generations','https://www.youtube.com/watch?v=O9N8D1LTdug',22,'- Classic and modern Sonic gameplay\n- High-speed platforming\n- Vibrant levels\n- Time-travel narrative','2011-11-01'),(344,'https://media.oceanofgames.com/2018/03/0000006363.600x338.jpg','An open-world action-adventure game where you play as Niko Bellic, navigating Liberty City in a tale of crime and ambition.','https://oceanofgames.com/gta-4-download-free-6773065/','https://oceanofgames.com/gta-4-download-free-6773065/',16000,'Rockstar Games','OS: Windows XP SP3 or later\nCPU: Intel Core 2 Duo 1.8 GHz\nRAM: 1.5 GB\nGPU: NVIDIA GeForce 7900 or ATI Radeon X1900\nStorage: 16 GB available space','Grand Theft Auto IV','https://www.youtube.com/watch?v=M80K51DosFo',9,'- Open-world exploration\n- Gritty storyline\n- Multiplayer modes\n- Detailed city environment','2008-12-02'),(345,'https://media.oceanofgames.com/2018/06/Dirt-3-Download-Free.jpeg','A rally racing game offering diverse off-road events, from rallycross to trailblazing, with stunning visuals and dynamic weather.','https://oceanofgames.com/dirt-3-download-free/','https://oceanofgames.com/dirt-3-download-free/',15000,'Codemasters','OS: Windows XP or later\nCPU: Intel Core 2 Duo 2.8 GHz\nRAM: 2 GB\nGPU: NVIDIA GeForce 8800 or ATI Radeon HD 2900\nStorage: 15 GB available space','Dirt 3','https://www.youtube.com/watch?v=V_DcVA2QzDM',14,'- Realistic rally racing\n- Varied race modes\n- Dynamic weather system\n- Multiplayer events','2011-05-24'),(346,'https://media.oceanofgames.com/2018/06/FIFA-13-Game-Download-Free.jpeg','A soccer simulation game delivering realistic gameplay, enhanced AI, and a variety of modes for competitive and casual play.','https://oceanofgames.com/fifa-13-game-download-free/','https://oceanofgames.com/fifa-13-game-download-free/',6000,'Electronic Arts','OS: Windows XP SP3 or later\nCPU: Intel Core 2 Duo 1.8 GHz\nRAM: 2 GB\nGPU: NVIDIA GeForce 8800 or ATI Radeon HD 3600\nStorage: 8 GB available space','FIFA 13','https://www.youtube.com/watch?v=cNnmAlEnUt0',23,'- Realistic soccer mechanics\n- Improved AI\n- Online multiplayer\n- Career mode','2012-09-25'),(347,'https://media.oceanofgames.com/2018/05/Sleeping-Dogs-Limited-Edition-Download-Free.jpg','An open-world action game where you play as Wei Shen, an undercover cop infiltrating a Hong Kong triad with intense combat and driving.','https://oceanofgames.com/sleeping-dogs-limited-edition-download-free-ofgv-1152793/','https://oceanofgames.com/sleeping-dogs-limited-edition-download-free-ofgv-1152793/',15000,'Square Enix','OS: Windows Vista or later\nCPU: Intel Core 2 Duo 2.4 GHz\nRAM: 2 GB\nGPU: NVIDIA GeForce 8800 GT or ATI Radeon HD 3870\nStorage: 15 GB available space','Sleeping Dogs: Limited Edition','https://www.youtube.com/watch?v=lbGs8AJyT_Y',9,'- Open-world Hong Kong\n- Martial arts combat\n- Undercover storyline\n- Driving mechanics','2012-08-14'),(348,'https://media.oceanofgames.com/2018/05/Saints-Row-IV-Download-Free.jpg','An open-world action game where you play as the leader of the Saints, wielding superpowers in a chaotic, alien-invaded city.','https://oceanofgames.com/saints-row-iv-download-free/','https://oceanofgames.com/saints-row-iv-download-free/',10000,'Deep Silver','OS: Windows Vista or later\nCPU: Intel Core 2 Quad Q6600\nRAM: 4 GB\nGPU: NVIDIA GeForce GTX 260 or AMD Radeon HD 5800\nStorage: 10 GB available space','Saints Row IV','https://www.youtube.com/watch?v=0qhFgMRlgNo',9,'- Superpower gameplay\n- Open-world chaos\n- Humorous narrative\n- Co-op multiplayer','2013-08-20'),(349,'https://media.oceanofgames.com/2018/05/Mortal-kombat-komplete-edition-Download-Free.jpg','A fighting game featuring brutal combat, iconic characters, and a cinematic story mode in the Mortal Kombat universe.','https://oceanofgames.com/mortal-kombat-komplete-edition-download-free/','https://oceanofgames.com/mortal-kombat-komplete-edition-download-free/',9000,'Warner Bros. Interactive','OS: Windows Vista or later\nCPU: Intel Core 2 Duo 2.4 GHz\nRAM: 2 GB\nGPU: NVIDIA GeForce 8800 GTS or AMD Radeon HD 3850\nStorage: 10 GB available space','Mortal Kombat Komplete Edition','https://www.youtube.com/watch?v=3m386fDrmBo',24,'- Brutal fighting mechanics\n- Iconic characters\n- Story mode\n- Online multiplayer','2013-07-03'),(350,'https://media.oceanofgames.com/2018/05/Nba-2k14-Download-Free-768x432.jpg','A basketball simulation game offering realistic gameplay, enhanced visuals, and various modes for competitive sports action.','https://oceanofgames.com/nba-2k14-download-free/','https://oceanofgames.com/nba-2k14-download-free/',7000,'2K Sports','OS: Windows XP SP3 or later\nCPU: Intel Core 2 Duo 2.0 GHz\nRAM: 2 GB\nGPU: NVIDIA GeForce 8600 or ATI Radeon HD 3600\nStorage: 8 GB available space','NBA 2K14','https://www.youtube.com/watch?v=GJlptY6G4SQ',23,'- Realistic basketball mechanics\n- LeBron James story mode\n- Online multiplayer\n- Enhanced graphics','2013-10-01'),(351,'https://media.oceanofgames.com/2018/05/Mass-effect-3-Download-Free-768x512.jpg','A sci-fi action RPG where you play as Commander Shepard, leading a galaxy-wide effort to stop the Reapers in an epic, choice-driven saga.','https://oceanofgames.com/mass-effect-3-download-free/','https://oceanofgames.com/mass-effect-3-download-free/',15000,'Electronic Arts','OS: Windows XP SP3 or later\nCPU: Intel Core 2 Duo 1.8 GHz\nRAM: 2 GB\nGPU: NVIDIA GeForce 7900 or ATI Radeon X1800\nStorage: 15 GB available space','Mass Effect 3','https://www.youtube.com/watch?v=AluTOOCVXVQ',15,'- Choice-driven narrative\n- Squad-based combat\n- Multiplayer co-op\n- Expansive sci-fi universe','2012-03-06'),(352,'https://media.oceanofgames.com/2018/05/Moto-racing-Download-Free.jpg','A fast-paced motorcycle racing game with challenging tracks and high-speed action for adrenaline-fueled competition.','https://oceanofgames.com/moto-racing-download-free/','https://oceanofgames.com/moto-racing-download-free/',500,'Unknown','OS: Windows XP or later\nCPU: Intel Pentium 4 1.0 GHz\nRAM: 256 MB\nGPU: 32 MB DirectX 9 compatible\nStorage: 500 MB available space','Moto Racing','https://www.youtube.com/watch?v=S6fTneX4qaw',14,'- High-speed racing\n- Varied tracks\n- Realistic bike physics\n- Competitive gameplay','2010-01-01'),(353,'https://media.oceanofgames.com/2018/04/FIFA-12-game-Download-Free.jpg','A soccer simulation game with improved player impact engine and realistic gameplay for an authentic football experience.','https://oceanofgames.com/fifa-12-game-download-free/','https://oceanofgames.com/fifa-12-game-download-free/',6000,'Electronic Arts','OS: Windows XP SP3 or later\nCPU: Intel Core 2 Duo 1.8 GHz\nRAM: 2 GB\nGPU: NVIDIA GeForce 8800 or ATI Radeon HD 3600\nStorage: 8 GB available space','FIFA 12','https://www.youtube.com/watch?v=pQKc_5-BZF4',23,'- Player impact engine\n- Tactical defending\n- Online multiplayer\n- Career mode','2011-09-27'),(354,'https://media.oceanofgames.com/2018/04/Angry-Bird-Download-Free-768x461.png','A casual puzzle game where players use a slingshot to launch birds at structures to defeat pigs, offering addictive gameplay.','https://oceanofgames.com/angry-bird-download-free/','https://oceanofgames.com/angry-bird-download-free/',50,'Rovio Entertainment','OS: Windows XP or later\nCPU: Intel Pentium 4 1.0 GHz\nRAM: 256 MB\nGPU: 32 MB DirectX 9 compatible\nStorage: 50 MB available space','Angry Birds','https://www.youtube.com/watch?v=bNNzRyd1xz0',25,'- Physics-based puzzles\n- Addictive gameplay\n- Varied levels\n- Colorful characters','2009-12-11'),(355,'https://media.oceanofgames.com/2018/04/Alan-Wake-Download-Free.jpg','An action-adventure game with psychological horror elements, following writer Alan Wake as he uncovers mysteries in a dark, supernatural town.','https://oceanofgames.com/alan-wake-download-free/','https://oceanofgames.com/alan-wake-download-free/',8000,'Remedy Entertainment','OS: Windows XP SP2 or later\nCPU: Intel Core 2 Duo 2.0 GHz\nRAM: 2 GB\nGPU: NVIDIA GeForce 6800 or ATI Radeon X1650\nStorage: 8 GB available space','Alan Wake','https://www.youtube.com/watch?v=PlqoAeIbJrk',9,'- Cinematic storytelling\n- Light-based combat\n- Atmospheric horror\n- Episodic structure','2012-02-16'),(356,'https://media.oceanofgames.com/2018/04/I-Am-Alive-Download-Free.jpeg','A survival action game set in a post-apocalyptic city, where you play as a survivor navigating dangers and saving others.','https://oceanofgames.com/i-am-alive-download-free/','https://oceanofgames.com/i-am-alive-download-free/',2000,'Ubisoft','OS: Windows XP SP3 or later\nCPU: Intel Pentium 4 2.8 GHz\nRAM: 1 GB\nGPU: NVIDIA GeForce 6600 or ATI Radeon X1600\nStorage: 2 GB available space','I Am Alive','https://www.youtube.com/watch?v=PlqoAeIbJrk',9,'- Survival mechanics\n- Post-apocalyptic setting\n- Climbing and exploration\n- Emotional narrative','2012-09-06'),(357,'https://media.oceanofgames.com/2018/04/Need-For-Speed-Most-Wanted-Download-Free.jpg','A high-octane racing game where players compete in open-world street races to become the most wanted driver.','https://oceanofgames.com/need-for-speed-most-wanted-download-free/','https://oceanofgames.com/need-for-speed-most-wanted-download-free/',7000,'Electronic Arts','OS: Windows Vista or later\nCPU: Intel Core 2 Duo 2.4 GHz\nRAM: 2 GB\nGPU: NVIDIA GeForce 8800 or ATI Radeon HD 3870\nStorage: 20 GB available space','Need for Speed: Most Wanted','https://www.youtube.com/watch?v=DEmRkNnCvLU',14,'- Open-world racing\n- Police pursuits\n- Car customization\n- Multiplayer races','2012-10-30'),(358,'https://media.oceanofgames.com/2018/04/Crazy-Taxi-Download-Free.jpeg','An arcade-style driving game where players race against time to deliver passengers in a vibrant city, performing wild stunts.','https://oceanofgames.com/crazy-taxi-download-free/','https://oceanofgames.com/crazy-taxi-download-free/',200,'Sega','OS: Windows XP or later\nCPU: Intel Pentium III 800 MHz\nRAM: 128 MB\nGPU: 32 MB DirectX 9 compatible\nStorage: 200 MB available space','Crazy Taxi','https://www.youtube.com/watch?v=_dzL-0FwT7M',26,'- Arcade driving\n- Time-based challenges\n- Open city environment\n- Crazy stunts','2000-01-27'),(359,'https://media.oceanofgames.com/2018/04/Hitman-Absolution-Download-Free-768x1001.jpg','A stealth-action game where you play as Agent 47, executing contracts with precision and creativity in a cinematic world.','https://oceanofgames.com/hitman-absolution-download-free-4593665/','https://oceanofgames.com/hitman-absolution-download-free-4593665/',24000,'Square Enix','OS: Windows Vista or later\nCPU: Intel Core 2 Duo 2.0 GHz\nRAM: 2 GB\nGPU: NVIDIA GeForce 8600 or ATI Radeon HD 2900\nStorage: 24 GB available space','Hitman: Absolution','https://www.youtube.com/watch?v=65gcndvshAY',17,'- Stealth-based gameplay\n- Open-ended missions\n- Disguise mechanics\n- Cinematic story','2012-11-20'),(360,'https://media.oceanofgames.com/2018/04/Into-The-Dark-Download-Free.jpg','A survival horror game blending adventure and shooter elements, where players explore eerie environments to uncover dark secrets.','https://oceanofgames.com/into-the-dark-download-free/','https://oceanofgames.com/into-the-dark-download-free/',2000,'Homegrown Games','OS: Windows XP or later\nCPU: Intel Core 2 Duo 2.0 GHz\nRAM: 2 GB\nGPU: NVIDIA GeForce 6800 or ATI Radeon X1650\nStorage: 2 GB available space','Into the Dark','https://www.youtube.com/watch?v=LBsrEnATYso',11,'- Survival horror gameplay\n- Puzzle-solving\n- Atmospheric environments\n- Shooter mechanics','2012-10-25'),(361,'https://media.oceanofgames.com/2018/04/battlefield-3-Download-Free-300x169.jpg','A first-person shooter with large-scale battles, featuring intense multiplayer and a cinematic single-player campaign.','https://oceanofgames.com/battlefield-3-download-free/','https://oceanofgames.com/battlefield-3-download-free/',20000,'Electronic Arts','OS: Windows Vista SP2 or later\nCPU: Intel Core 2 Duo 2.4 GHz\nRAM: 2 GB\nGPU: NVIDIA GeForce 8800 GT or ATI Radeon HD 3870\nStorage: 20 GB available space','Battlefield 3','https://www.youtube.com/watch?v=9DM7NsxOS0Q',10,'- Large-scale multiplayer\n- Destructible environments\n- Vehicle combat\n- Cinematic campaign','2011-10-25'),(362,'https://media.oceanofgames.com/2019/03/TEKKEN-7-Ultimate-Edition-v2.21-All-DLCs-Free-Download.jpg','A fighting game with intense 3D combat, featuring a roster of iconic characters and a dramatic story mode.','https://oceanofgames.com/tekken-7-ultimate-edition-v2-21-all-dlcs-free-download-ofgv-1535644/','https://oceanofgames.com/tekken-7-ultimate-edition-v2-21-all-dlcs-free-download-ofgv-1535644/',40000,'Bandai Namco Entertainment','OS: Windows 7 or later\nCPU: Intel Core i3-4160 3.6 GHz\nRAM: 6 GB\nGPU: NVIDIA GeForce GTX 660 or AMD Radeon R7 370\nStorage: 60 GB available space','Tekken 7','https://www.youtube.com/watch?v=1V-_q3SKh5w',24,'- 3D fighting mechanics\n- Diverse character roster\n- Story mode\n- Online multiplayer','2017-06-02'),(363,'https://media.oceanofgames.com/2018/04/Adventure-Island-Download-Free.jpg','A classic platformer where players control Master Higgins, navigating tropical islands to rescue his girlfriend from enemies.','https://oceanofgames.com/adventure-island-download-free/','https://oceanofgames.com/adventure-island-download-free/',100,'Hudson Soft','OS: Windows XP or later\nCPU: Intel Pentium 200 MHz\nRAM: 32 MB\nGPU: 16 MB DirectX 7 compatible\nStorage: 100 MB available space','Adventure Island','https://www.youtube.com/watch?v=lQvkR0RrLSY',22,'- Classic platforming\n- Varied levels\n- Power-ups\n- Retro gameplay','1986-09-12'),(364,'https://media.oceanofgames.com/2018/02/road-rash-ss5.png','A motorcycle racing game with a twist, where players race and fight rivals on high-speed bikes across varied tracks.','https://oceanofgames.com/road-rash-pc-game-setup-free-download/','https://oceanofgames.com/road-rash-pc-game-setup-free-download/',50,'Electronic Arts','OS: Windows XP or later\nCPU: Intel Pentium 166 MHz\nRAM: 16 MB\nGPU: 8 MB DirectX 7 compatible\nStorage: 50 MB available space','Road Rash','https://www.youtube.com/watch?v=cbmWMIDmE58',14,'- Motorcycle racing\n- Combat mechanics\n- Varied tracks\n- Retro arcade style','1996-01-01');
/*!40000 ALTER TABLE `game` ENABLE KEYS */;
UNLOCK TABLES;

--
-- Table structure for table `game_screenshots`
--

DROP TABLE IF EXISTS `game_screenshots`;
/*!40101 SET @saved_cs_client     = @@character_set_client */;
/*!50503 SET character_set_client = utf8mb4 */;
CREATE TABLE `game_screenshots` (
  `game_id` bigint NOT NULL,
  `image_url` tinytext,
  KEY `FKiyv9kscoy3o5qlthtm371img6` (`game_id`),
  CONSTRAINT `FKiyv9kscoy3o5qlthtm371img6` FOREIGN KEY (`game_id`) REFERENCES `game` (`id`)
) ENGINE=InnoDB DEFAULT CHARSET=utf8mb4 COLLATE=utf8mb4_0900_ai_ci;
/*!40101 SET character_set_client = @saved_cs_client */;

--
-- Dumping data for table `game_screenshots`
--

LOCK TABLES `game_screenshots` WRITE;
/*!40000 ALTER TABLE `game_screenshots` DISABLE KEYS */;
INSERT INTO `game_screenshots` VALUES (253,'https://wallpapers.com/images/high/steve-chilling-outdoors-minecraft-hd-jf6xapl0kt0ewa34.webp'),(253,'https://wallpapers.com/images/high/minecraft-ender-dragon-3278x7ohwgcqixs8.webp'),(253,'https://wallpapers.com/images/high/minecraft-landscape-of-forest-g4l1esv6dnx7fd3e.webp'),(302,'https://images.gog-statics.com/3204be9b42877feb8ba8271e50248eab2909e3ece8b380ba2b1788a7d91deb82.jpg'),(302,'https://images.gog-statics.com/a15c1c85185507888eebe7f5bf07aad58d1339d87bb724a90895bd752bba3f82.jpg'),(302,'https://images.gog-statics.com/cd501c678feb4d02102766ca6fce7e06c159ec63d04dec27acfc49bd0c42d04b.jpg'),(302,'https://images.gog-statics.com/be2acedd127d5ad3c933092e20173cfa5dc663359bf60f405c28acf6a55afe5f.jpg'),(302,'https://images.gog-statics.com/3af4b5a8acfeeef8ba4d834bb1181ef6d8f3b1dd431fadee7fc4d31e721d3149.jpg'),(303,'https://raidingtheglobe.com/images/com_osgallery/gal-66/original/tr2013-screenshot013557D8FC7-D76B-8C32-728E-09168BFD1CC0.jpg'),(303,'https://raidingtheglobe.com/images/com_osgallery/gal-66/original/tr2013-screenshot0146628BD14-6F4E-E25A-05C0-29B69309212F.jpg'),(303,'https://raidingtheglobe.com/images/com_osgallery/gal-66/original/tr2013-screenshot015C3BF84A1-F397-59A8-26DC-845519411520.jpg'),(303,'https://raidingtheglobe.com/images/com_osgallery/gal-66/original/tr2013-screenshot01910D6EFD5-48A1-C149-0CFF-9B7317E428DA.jpg'),(304,'https://shared.fastly.steamstatic.com/store_item_assets/steam/apps/220/ss_47b4105b396de408cb8b6b4f358c69e5e2a62dae.1920x1080.jpg?t=1745368545'),(304,'https://shared.fastly.steamstatic.com/store_item_assets/steam/apps/220/ss_ffb00abd45012680e4f209355ec81f961b6dd1fb.1920x1080.jpg?t=1745368545'),(304,'https://shared.fastly.steamstatic.com/store_item_assets/steam/apps/220/ss_412b0e9f8285d3695d0b39840da41c184dff591a.1920x1080.jpg?t=1745368545'),(304,'https://shared.fastly.steamstatic.com/store_item_assets/steam/apps/220/ss_4e76506add2af0c438d3c4bc810ccb823353fd13.1920x1080.jpg?t=1745368545'),(305,'https://shared.fastly.steamstatic.com/store_item_assets/steam/apps/220240/ss_0c08ce5d7f63fd8cee404426f6d083d93105a924.1920x1080.jpg?t=1738250672'),(305,'https://shared.fastly.steamstatic.com/store_item_assets/steam/apps/220240/ss_b54fb346d5a7dad0fb345b5e90f379551ecfbfdc.1920x1080.jpg?t=1738250672'),(305,'https://shared.fastly.steamstatic.com/store_item_assets/steam/apps/220240/ss_3eecbdea4a16fbbd21cb2524da300547f5c75e39.1920x1080.jpg?t=1738250672'),(305,'https://shared.fastly.steamstatic.com/store_item_assets/steam/apps/220240/ss_842bfdeb44368babd55ad93af1cbbf560f9fb9a1.1920x1080.jpg?t=1738250672'),(306,'http://images.gamersyde.com/image_resident_evil_5-10039-857_0001.jpg'),(306,'http://images.gamersyde.com/image_resident_evil_5-10039-857_0002.jpg'),(306,'http://images.gamersyde.com/image_resident_evil_5-10039-857_0003.jpg'),(306,'http://images.gamersyde.com/image_resident_evil_5-10039-857_0007.jpg'),(307,'https://media.oceanofgames.com/2014/09/Mirror-Edge-Download-Free.jpg'),(307,'https://media.oceanofgames.com/2014/09/Mirror-Edge-Features-1024x582.jpg'),(307,'https://media.oceanofgames.com/2014/09/Mirror-Edge-Setup-Free-Download-1024x640.jpg'),(308,'https://preview.redd.it/htw0hvkait781.jpg?width=1080&crop=smart&auto=webp&s=c4b4580f6f8c88b67b5474e7a1648ee30004ece3'),(308,'https://preview.redd.it/ib7091aait781.jpg?width=1080&crop=smart&auto=webp&s=582f386154610a8d6961906f2562a5029b970404'),(308,'https://preview.redd.it/jvfrum39it781.jpg?width=1080&crop=smart&auto=webp&s=a11ba9fc49a6ad0694bbea87f4031d8822556030'),(308,'https://preview.redd.it/n3amuxsyht781.jpg?width=640&crop=smart&auto=webp&s=51624190bbe83f0efd703e5dd66acecb125e88c5'),(309,'https://cdn.mobygames.com/screenshots/10207979-freedom-fighters-windows-you-complete-missions-by-raising-the-am.jpg'),(309,'https://cdn.mobygames.com/screenshots/10207991-freedom-fighters-windows-as-you-progress-in-the-game-the-streets.jpg'),(309,'https://cdn.mobygames.com/screenshots/10207982-freedom-fighters-windows-your-men-follow-your-orders-while-intel.jpg'),(309,'https://cdn.mobygames.com/screenshots/154885-freedom-fighters-windows-hmmm-i-just-dont-understand-this-plan-p.jpg'),(310,'https://media.oceanofgames.com/2018/03/0000003305.600x338.jpg'),(310,'https://media.oceanofgames.com/2018/03/0000003306.600x338.jpg'),(310,'https://media.oceanofgames.com/2018/03/0000003304.600x338.jpg'),(310,'https://media.oceanofgames.com/2018/03/0000003303.600x338.jpg'),(311,'https://media.oceanofgames.com/2014/10/Midtown-Madness-2-Setup-download-For-Free.jpg'),(311,'https://media.oceanofgames.com/2014/10/Midtown-Madness-2-Setup-Free-Download.jpg'),(311,'https://media.oceanofgames.com/2014/10/Midtown-Madness-2-Download-For-Free.jpg'),(311,'https://media.oceanofgames.com/2014/10/Midtown-Madness-2-Features.jpg'),(312,'https://shared.fastly.steamstatic.com/store_item_assets/steam/apps/15100/0000003847.1920x1080.jpg?t=1602600542'),(312,'https://shared.fastly.steamstatic.com/store_item_assets/steam/apps/15100/0000003846.1920x1080.jpg?t=1602600542'),(312,'https://shared.fastly.steamstatic.com/store_item_assets/steam/apps/15100/0000003844.1920x1080.jpg?t=1602600542'),(313,'https://gogunlocked.com/wp-content/uploads/2021/03/Deus-Ex-Mankind-Divided-gog.jpg'),(313,'https://gogunlocked.com/wp-content/uploads/2021/03/Deus-Ex-Mankind-Divided-crack.jpg'),(314,'https://gogunlocked.com/wp-content/uploads/2021/02/The-Elder-Scrolls-IV-Oblivion-Game-of-the-Year-Edition-Deluxe-gog.jpg'),(314,'https://gogunlocked.com/wp-content/uploads/2021/02/The-Elder-Scrolls-IV-Oblivion-Game-of-the-Year-Edition-Deluxe-crack.jpg'),(315,'https://media.oceanofgames.com/2014/07/Max-Payne-2-free-1024x768.jpg'),(315,'https://media.oceanofgames.com/2014/07/Max-Payne-2-download-1024x768.jpg'),(316,'https://media.oceanofgames.com/2019/03/f5edb57a9fe0dfd8f2539e09c2a47588-768x432.jpg'),(316,'https://media.oceanofgames.com/2019/03/Grand_Theft_Auto_5_Gameplay2-3-768x432.jpg'),(316,'https://media.oceanofgames.com/2019/03/maxresdefault-768x432.jpg'),(317,'https://gogunlocked.com/wp-content/uploads/2021/03/BioShock%E2%84%A2-Remastered-gog.jpg'),(317,'https://gogunlocked.com/wp-content/uploads/2021/03/BioShock%E2%84%A2-Remastered-crack.jpg'),(318,'https://gogunlocked.com/wp-content/uploads/2021/02/Tom-Clancys-Splinter-Cell%C2%AE-gog.jpg'),(318,'https://gogunlocked.com/wp-content/uploads/2021/02/Tom-Clancys-Splinter-Cell%C2%AE-crack.jpg'),(319,'https://gogunlocked.com/wp-content/uploads/2021/02/Hitman-Codename-47-gog.jpg'),(319,'https://gogunlocked.com/wp-content/uploads/2021/02/Hitman-Codename-47-crack.jpg'),(320,'https://gogunlocked.com/wp-content/uploads/2021/02/Far-Cry%C2%AE-gog.jpg'),(320,'https://gogunlocked.com/wp-content/uploads/2021/02/Far-Cry%C2%AE-crack.jpg'),(321,'https://media.oceanofgames.com/2020/08/Call-Of-Duty-Modern-Warfare-2-Campaign-Remastered-Free-Download-4-OceanofGames.com_.jpg'),(321,'https://media.oceanofgames.com/2020/08/Call-Of-Duty-Modern-Warfare-2-Campaign-Remastered-Free-Download-3-OceanofGames.com_.jpg'),(321,'https://media.oceanofgames.com/2020/08/Call-Of-Duty-Modern-Warfare-2-Campaign-Remastered-Free-Download-2-OceanofGames.com_.jpg'),(322,'https://media.oceanofgames.com/2015/06/Battlefield-1942-Free-Game-Setup-Download.jpg'),(323,'https://media.oceanofgames.com/2014/01/free-download-Need-for-speed-the-run.jpg'),(323,'https://media.oceanofgames.com/2014/01/need-for-speed-the-run-download-free-1024x576.jpg'),(324,'https://images.sftcdn.net/images/t_app-cover-l,f_auto/p/90d40cb0-96d2-11e6-800f-00163ed833e7/1550414530/burnout-paradise-screenshot.jpg'),(324,'https://images.sftcdn.net/images/t_app-cover-l,f_auto/p/90d40cb0-96d2-11e6-800f-00163ed833e7/1752886127/burnout-paradise-screenshot.jpg'),(324,'https://images.sftcdn.net/images/t_app-cover-l,f_auto/p/90d40cb0-96d2-11e6-800f-00163ed833e7/2659589266/burnout-paradise-screenshot.jpg'),(325,'https://media.oceanofgames.com/2015/06/Warcraft-III-The-Frozen-Throne-Download-For-Free.jpg'),(325,'https://media.oceanofgames.com/2015/06/Warcraft-III-The-Frozen-Throne-Setup-Download-For-Free1.jpg'),(326,'https://media.oceanofgames.com/2019/12/Age-of-Empires-II-Definitive-Edition-Build-34055-HOODLUM-Free-Download-2-OceanofGames.com_.jpg'),(326,'https://media.oceanofgames.com/2019/12/Age-of-Empires-II-Definitive-Edition-Build-34055-HOODLUM-Free-Download-3-OceanofGames.com_.jpg'),(327,'https://media.oceanofgames.com/2014/10/Fallout-3-Features-1024x640.jpg'),(327,'https://media.oceanofgames.com/2014/10/Fallout-3-Download-For-Free-1024x576.jpg'),(327,'https://media.oceanofgames.com/2014/10/Fallout-3-Setup-Free-Download.jpg'),(328,'https://media.oceanofgames.com/2018/05/Resident-evil-revelations-Download-Free-3-768x432.jpg'),(328,'https://media.oceanofgames.com/2018/05/Resident-evil-revelations-Download-Free-2-768x432.jpg'),(329,'https://media.oceanofgames.com/2014/08/Mass-Effect-free.jpg'),(329,'https://media.oceanofgames.com/2014/08/Download-Mass-Effect-1024x576.jpg'),(330,'https://media.oceanofgames.com/2016/01/The-Witcher-Adventure-Game-Download-For-Free-768x432.jpg'),(330,'https://media.oceanofgames.com/2016/01/The-Witcher-Adventure-Game-Features-768x432.jpg'),(330,'https://media.oceanofgames.com/2016/01/The-Witcher-Adventure-Game-Setup-Free-Download-768x432.jpg'),(331,'https://media.oceanofgames.com/2018/05/Prototype-2-Download-Free-1-768x432.jpg'),(331,'https://media.oceanofgames.com/2018/05/Prototype-2-Download-Free-2.jpg'),(332,'https://media.oceanofgames.com/2014/09/Dead-Space-download-free-1024x576.jpg'),(332,'https://media.oceanofgames.com/2014/09/Dead-Space-features.jpg'),(332,'https://media.oceanofgames.com/2014/09/Dead-Space-setup-free-download-1024x576.jpg'),(333,'https://media.oceanofgames.com/2014/09/World-of-Warcraft-Download-For-Free.jpg'),(333,'https://media.oceanofgames.com/2014/09/World-of-Warcraft-Setup-Download-For-Free.jpg'),(333,'https://media.oceanofgames.com/2014/09/World-of-Warcraft-Features.jpg'),(334,'https://media.oceanofgames.com/2015/02/Diablo-II-Features.jpg'),(334,'https://media.oceanofgames.com/2015/02/Diablo-II-Setup-Free-Download.jpg'),(334,'https://media.oceanofgames.com/2015/02/Diablo-II-Download-For-Free.jpg'),(335,'https://media.oceanofgames.com/2014/07/Left-4-Dead.jpg'),(335,'https://media.oceanofgames.com/2014/07/Left-4-Dead-Free-download.jpg'),(335,'https://media.oceanofgames.com/2014/07/Left-4-Dead-Free.jpg'),(336,'https://media.oceanofgames.com/2018/03/0000005236.600x338.jpg'),(336,'https://media.oceanofgames.com/2018/03/0000005237.600x338.jpg'),(336,'https://media.oceanofgames.com/2018/03/0000005235.600x338.jpg'),(337,'https://media.oceanofgames.com/2014/05/Prince-Of-Persia-Sands-Of-Time-free.jpg'),(337,'https://media.oceanofgames.com/2014/05/Free-Prince-Of-Persia-Sands-Of-Time.jpg'),(337,'https://media.oceanofgames.com/2014/05/Prince-Of-Persia-Sands-Of-Time-Download.jpg'),(338,'https://media.oceanofgames.com/2014/04/Simcity-Download-Free.jpg'),(338,'https://media.oceanofgames.com/2014/04/Simcity-Free-setup-download-1024x570.jpg'),(338,'https://media.oceanofgames.com/2014/04/Simcity-Features-1024x576.jpg'),(339,'https://media.oceanofgames.com/2020/09/RollerCoaster-Tycoon-3-Complete-Edition-Chronos-Free-Download-4-OceanofGames.com_.jpg'),(339,'https://media.oceanofgames.com/2020/09/RollerCoaster-Tycoon-3-Complete-Edition-Chronos-Free-Download-3-OceanofGames.com_.jpg'),(339,'https://media.oceanofgames.com/2020/09/RollerCoaster-Tycoon-3-Complete-Edition-Chronos-Free-Download-2-OceanofGames.com_.jpg'),(340,'https://media.oceanofgames.com/2014/03/doom-3-1024x768.jpg'),(340,'https://media.oceanofgames.com/2014/03/Doom-3-free-1024x768.jpg'),(340,'https://media.oceanofgames.com/2014/03/Dom-3-download.jpg'),(341,'https://media.oceanofgames.com/2016/07/Quark-III-Gold-Setup-Free-Download-768x576.jpg'),(341,'https://media.oceanofgames.com/2016/07/Quark-III-Gold-Features-768x432.jpg'),(341,'https://media.oceanofgames.com/2016/07/Quark-III-Gold-Download-For-Free.jpg'),(342,'https://media.oceanofgames.com/2015/05/Unreal-Tournament-2004-Setup-Free-Download.jpg'),(342,'https://media.oceanofgames.com/2015/05/Unreal-Tournament-2004-Features.jpg'),(343,'http://oldisgoldgames.com/wp-content/uploads/2018/04/Sonic-Generations-Free-Download-2-300x169.jpg'),(343,'http://oldisgoldgames.com/wp-content/uploads/2018/04/Sonic-Generations-Free-Download-300x168.jpeg'),(344,'https://media.oceanofgames.com/2018/03/0000006360.600x338.jpg'),(344,'https://media.oceanofgames.com/2018/03/0000006361.600x338.jpg'),(344,'https://media.oceanofgames.com/2018/03/0000006362.600x338.jpg'),(345,'https://media.oceanofgames.com/2018/06/Dirt-3-Download-Free-1-768x432.jpeg'),(345,'https://media.oceanofgames.com/2018/06/images-1-300x168.jpeg'),(345,'https://media.oceanofgames.com/2018/06/index-1-300x168.jpeg'),(346,'https://media.oceanofgames.com/2018/06/ind-1.jpeg'),(346,'https://media.oceanofgames.com/2018/06/index-2-300x168.jpeg'),(347,'https://media.oceanofgames.com/2018/05/Sleeping-Dogs-Limited-Edition-Download-Free-2.jpg'),(347,'https://media.oceanofgames.com/2018/05/Sleeping-Dogs-Limited-Edition-Download-Free-1-768x432.jpg'),(348,'https://media.oceanofgames.com/2018/05/Saints-Row-IV-Download-Free-3-768x432.jpg'),(348,'https://media.oceanofgames.com/2018/05/Saints-Row-IV-Download-Free-1-768x432.jpg'),(348,'https://media.oceanofgames.com/2018/05/Saints-Row-IV-Download-Free-2-768x432.jpg'),(349,'https://media.oceanofgames.com/2018/05/screenshot_1280_720_W165KLU-768x432.jpg'),(349,'https://media.oceanofgames.com/2018/05/Kenshi-620x.jpg'),(349,'https://media.oceanofgames.com/2018/05/maxresdefault-768x432.jpg'),(349,'https://media.oceanofgames.com/2018/05/mortal_kombat_komplete_edition_img1.jpg'),(350,'https://media.oceanofgames.com/2018/05/Nba-2k14-Download-Free-2-768x480.jpg'),(350,'https://media.oceanofgames.com/2018/05/Nba-2k14-Download-Free-1-768x432.jpg'),(350,'https://media.oceanofgames.com/2018/05/Nba-2k14-Download-Free-768x432.png'),(351,'https://media.oceanofgames.com/2018/05/imag-300x168.jpeg'),(351,'https://media.oceanofgames.com/2018/05/images-2-300x168.jpeg'),(351,'https://media.oceanofgames.com/2018/05/index-3.jpeg'),(352,'https://media.oceanofgames.com/2018/05/motorace.jpg'),(352,'https://media.oceanofgames.com/2018/05/hqdefault.jpg'),(352,'https://media.oceanofgames.com/2018/05/b1.jpg'),(353,'https://media.oceanofgames.com/2018/04/FIFA-12-game-Download-Free.jpeg'),(353,'https://media.oceanofgames.com/2018/04/FIFA-12-game-Download-Free-1-768x430.jpg'),(353,'https://media.oceanofgames.com/2018/04/FIFA-12-game-Download-Free-1-768x432.jpg'),(354,'http://oldisgoldgames.com/wp-content/uploads/2018/04/Angry-Birds-Free-Download-4-300x200.jpg'),(354,'http://oldisgoldgames.com/wp-content/uploads/2018/04/Angry-Birds-Free-Download-3-300x169.jpg'),(354,'http://oldisgoldgames.com/wp-content/uploads/2018/04/Angry-Birds-Free-Download-2-300x169.jpg'),(355,'https://media.oceanofgames.com/2018/04/Alan-Wake-Download-Free-3.jpg'),(355,'https://media.oceanofgames.com/2018/04/Alan-Wake-Download-Free-2-768x432.jpg'),(355,'https://media.oceanofgames.com/2018/04/Alan-Wake-Download-Free-1-768x432.jpg'),(356,'https://media.oceanofgames.com/2018/04/I-Am-Alive-Download-Free-3.jpeg'),(356,'https://media.oceanofgames.com/2018/04/I-Am-Alive-Download-Free-2.jpeg'),(356,'https://media.oceanofgames.com/2018/04/I-Am-Alive-Download-Free-1.jpeg'),(357,'https://media.oceanofgames.com/2018/04/Need-For-Speed-Most-Wanted-Download-Free-1-768x576.jpg'),(357,'https://media.oceanofgames.com/2018/04/Need-For-Speed-Most-Wanted-Download-Free-1.jpg'),(358,'https://media.oceanofgames.com/2018/04/Crazy-Taxi-Download-Free-2.jpg'),(358,'https://media.oceanofgames.com/2018/04/Crazy-Taxi-Download-Free-1.jpg'),(358,'https://media.oceanofgames.com/2018/04/Crazy-Taxi-Download-Free-768x432.jpg'),(359,'http://oldisgoldgames.com/wp-content/uploads/2018/04/Hitman-Absolution-Free-Download-1-300x169.jpg'),(359,'http://oldisgoldgames.com/wp-content/uploads/2018/04/Hitman-Absolution-Free-Download-3-300x156.jpg'),(359,'http://oldisgoldgames.com/wp-content/uploads/2018/04/Hitman-Absolution-Free-Download-2-300x168.jpg'),(360,'http://oldisgoldgames.com/wp-content/uploads/2018/04/Into-the-Dark-Free-Download-3-300x188.jpg'),(361,'http://oldisgoldgames.com/wp-content/uploads/2018/04/Battlefield-3-Free-Download-300x169.gif'),(361,'http://oldisgoldgames.com/wp-content/uploads/2018/04/Battlefield-3-Free-Download-1-300x184.jpg'),(361,'http://oldisgoldgames.com/wp-content/uploads/2018/04/Battlefield-3-Free-Download-300x152.jpg'),(362,'https://media.oceanofgames.com/2019/03/s5-7656a4b525727427a80f33c551025cd2-768x432.jpg'),(362,'https://media.oceanofgames.com/2019/03/s10-0882e31e5f10a89d0fb61c4fa9d827c7-768x432.jpg'),(362,'https://media.oceanofgames.com/2019/03/ss_e4266a29ed7485522c85ff61b454f3765151a0db.600x338.jpg'),(363,'http://oldisgoldgames.com/wp-content/uploads/2018/04/Adventure-Island-Free-Download-1-300x169.jpg'),(363,'http://oldisgoldgames.com/wp-content/uploads/2018/04/Adventure-Island-Free-Download-300x225.png'),(363,'http://oldisgoldgames.com/wp-content/uploads/2018/04/Adventure-Island-Free-Download-300x168.jpg'),(364,'https://media.oceanofgames.com/2018/02/road-rash-ss2.png'),(364,'https://media.oceanofgames.com/2018/02/383-Road_Rash_U-3.jpg'),(364,'https://media.oceanofgames.com/2018/02/5_1.jpg');
/*!40000 ALTER TABLE `game_screenshots` ENABLE KEYS */;
UNLOCK TABLES;

--
-- Table structure for table `game_seq`
--

DROP TABLE IF EXISTS `game_seq`;
/*!40101 SET @saved_cs_client     = @@character_set_client */;
/*!50503 SET character_set_client = utf8mb4 */;
CREATE TABLE `game_seq` (
  `next_val` bigint DEFAULT NULL
) ENGINE=InnoDB DEFAULT CHARSET=utf8mb4 COLLATE=utf8mb4_0900_ai_ci;
/*!40101 SET character_set_client = @saved_cs_client */;

--
-- Dumping data for table `game_seq`
--

LOCK TABLES `game_seq` WRITE;
/*!40000 ALTER TABLE `game_seq` DISABLE KEYS */;
INSERT INTO `game_seq` VALUES (451);
/*!40000 ALTER TABLE `game_seq` ENABLE KEYS */;
UNLOCK TABLES;

--
-- Table structure for table `genre`
--

DROP TABLE IF EXISTS `genre`;
/*!40101 SET @saved_cs_client     = @@character_set_client */;
/*!50503 SET character_set_client = utf8mb4 */;
CREATE TABLE `genre` (
  `id` bigint NOT NULL AUTO_INCREMENT,
  `name` varchar(255) DEFAULT NULL,
  PRIMARY KEY (`id`)
) ENGINE=InnoDB AUTO_INCREMENT=27 DEFAULT CHARSET=utf8mb4 COLLATE=utf8mb4_0900_ai_ci;
/*!40101 SET character_set_client = @saved_cs_client */;

--
-- Dumping data for table `genre`
--

LOCK TABLES `genre` WRITE;
/*!40000 ALTER TABLE `genre` DISABLE KEYS */;
INSERT INTO `genre` VALUES (6,'Sandbox'),(8,'Tactical Shooter'),(9,'Action-Adventure'),(10,'First-Person Shooter'),(11,'Survival Horror'),(12,'Puzzle-Platformer'),(13,'Third-Person Shooter'),(14,'Racing'),(15,'Action RPG'),(16,'RPG'),(17,'Stealth'),(18,'Real-Time Strategy'),(19,'Action'),(20,'MMORPG'),(21,'Simulation'),(22,'Platformer'),(23,'Sports'),(24,'Fighting'),(25,'Puzzle'),(26,'Arcade');
/*!40000 ALTER TABLE `genre` ENABLE KEYS */;
UNLOCK TABLES;
/*!40103 SET TIME_ZONE=@OLD_TIME_ZONE */;

/*!40101 SET SQL_MODE=@OLD_SQL_MODE */;
/*!40014 SET FOREIGN_KEY_CHECKS=@OLD_FOREIGN_KEY_CHECKS */;
/*!40014 SET UNIQUE_CHECKS=@OLD_UNIQUE_CHECKS */;
/*!40101 SET CHARACTER_SET_CLIENT=@OLD_CHARACTER_SET_CLIENT */;
/*!40101 SET CHARACTER_SET_RESULTS=@OLD_CHARACTER_SET_RESULTS */;
/*!40101 SET COLLATION_CONNECTION=@OLD_COLLATION_CONNECTION */;
/*!40111 SET SQL_NOTES=@OLD_SQL_NOTES */;

-- Dump completed on 2025-09-03  6:06:24
